Ethereum Version,Num all files,Size all files (B),"Num code files (cpp, py, c, h, sh, sol, go, c, js, java)",Size code files (B),*,All line additions,All line removals,All files changed,Ratio all files changed,All changed bytes,Ratio all bytes changed,*,Code line additions,Code line removals,Code files changed,Ratio code files changed,Code changed bytes,Ratio code bytes changed,*,File extenension histogram
go-ethereum-1.4.13,2134,346155045,1979,345812929,*,N/A,N/A,N/A,N/A,N/A,N/A,*,N/A,N/A,N/A,N/A,N/A,N/A,*,".go (1005), .json (779),  (120), .h (68), .yml (32), .md (32), .s (21), .c (19), .pl (9), .markdown (8), .sh (7), .txt (7), .js (3), .include (3), .py (3), .in (2), .lesser (1), .920751759z--7ef5a6135f1fd6a02593eedc869c6d41d934aef8 (1), .changelog (1), .control (1), .copyright (1), .docs (1), .install (1), .rules (1), .ac (1), .am (1), .java (1), .deflate (1), .cpp (1), .mkd (1), .sol (1), .ini (1)"
go-ethereum-1.4.14,2134,346154196,1979,345812072,*,592,693,26,0.012183693,314398,0.00090826,*,578,473,22,0.011116726,295326,0.000854007,*,".go (1005), .json (779),  (120), .h (68), .yml (32), .md (32), .s (21), .c (19), .pl (9), .markdown (8), .sh (7), .txt (7), .js (3), .include (3), .py (3), .in (2), .lesser (1), .920751759z--7ef5a6135f1fd6a02593eedc869c6d41d934aef8 (1), .changelog (1), .control (1), .copyright (1), .docs (1), .install (1), .rules (1), .ac (1), .am (1), .java (1), .deflate (1), .cpp (1), .mkd (1), .sol (1), .ini (1)"
go-ethereum-1.4.15,2135,346161611,1980,345818550,*,469,227,30,0.014051522,220002,0.000635547,*,424,207,24,0.012121212,193506,0.000559559,*,".go (1006), .json (779),  (120), .h (68), .yml (32), .md (32), .s (21), .c (19), .pl (9), .markdown (8), .sh (7), .txt (7), .js (3), .include (3), .py (3), .in (2), .lesser (1), .920751759z--7ef5a6135f1fd6a02593eedc869c6d41d934aef8 (1), .changelog (1), .control (1), .copyright (1), .docs (1), .install (1), .rules (1), .ac (1), .am (1), .java (1), .deflate (1), .cpp (1), .mkd (1), .sol (1), .ini (1)"
go-ethereum-1.4.16,2119,327539628,1983,327199193,*,189577,65931,783,0.369513922,221728559,0.676951856,*,189170,64613,756,0.381240545,221694602,0.677552411,*,".go (1008), .json (783),  (115), .h (68), .md (31), .s (22), .yml (19), .c (19), .pl (9), .markdown (8), .txt (7), .sh (5), .js (3), .include (3), .in (2), .py (2), .lesser (1), .920751759z--7ef5a6135f1fd6a02593eedc869c6d41d934aef8 (1), .changelog (1), .control (1), .copyright (1), .docs (1), .install (1), .rules (1), .ac (1), .am (1), .java (1), .deflate (1), .cpp (1), .mkd (1), .sol (1)"
go-ethereum-1.4.17,2121,327561568,1985,327221133,*,1158,563,15,0.007072136,228906,0.000698818,*,1157,562,14,0.007052897,228899,0.000699524,*,".go (1010), .json (783),  (115), .h (68), .md (31), .s (22), .yml (19), .c (19), .pl (9), .markdown (8), .txt (7), .sh (5), .js (3), .include (3), .in (2), .py (2), .lesser (1), .920751759z--7ef5a6135f1fd6a02593eedc869c6d41d934aef8 (1), .changelog (1), .control (1), .copyright (1), .docs (1), .install (1), .rules (1), .ac (1), .am (1), .java (1), .deflate (1), .cpp (1), .mkd (1), .sol (1)"
go-ethereum-1.4.18,2145,332191370,2009,331850933,*,77644,230,64,0.02983683,5117847,0.015406321,*,77641,229,62,0.030861125,5099425,0.015366613,*,".go (1012), .json (805),  (115), .h (68), .md (31), .s (22), .yml (19), .c (19), .pl (9), .markdown (8), .txt (7), .sh (5), .js (3), .include (3), .in (2), .py (2), .lesser (1), .920751759z--7ef5a6135f1fd6a02593eedc869c6d41d934aef8 (1), .changelog (1), .control (1), .copyright (1), .docs (1), .install (1), .rules (1), .ac (1), .am (1), .java (1), .deflate (1), .cpp (1), .mkd (1), .sol (1)"
go-ethereum-1.4.19,2220,338853747,2057,338494439,*,149252,66364,178,0.08018018,25900176,0.076434675,*,148700,66300,148,0.071949441,25862883,0.076405636,*,".go (1014), .json (848),  (120), .h (68), .md (39), .yml (32), .s (22), .c (19), .pl (9), .markdown (8), .sh (7), .txt (7), .js (3), .include (3), .py (3), .in (2), .lesser (1), .920751759z--7ef5a6135f1fd6a02593eedc869c6d41d934aef8 (1), .changelog (1), .control (1), .copyright (1), .docs (1), .install (1), .rules (1), .ac (1), .am (1), .java (1), .deflate (1), .cpp (1), .mkd (1), .sol (1), .ini (1)"
go-ethereum-1.5.0,2483,337370219,2281,336817625,*,104788,92684,1364,0.549335481,15796690,0.046823013,*,98128,8938,1012,0.443665059,15111754,0.04486628,*,".go (1207), .json (846),  (141), .h (62), .md (56), .yml (40), .s (26), .c (19), .sh (10), .pl (10), .txt (7), .markdown (7), .cfg (5), .nsh (3), .js (3), .sol (3), .include (3), .py (3), .in (2), .lock (2), .yaml (2), .lesser (1), .conf (1), .920751759z--7ef5a6135f1fd6a02593eedc869c6d41d934aef8 (1), .changelog (1), .control (1), .copyright (1), .docs (1), .install (1), .rules (1), .pom (1), .settings (1), .nsi (1), .dll (1), .zip (1), .podspec (1), .ac (1), .am (1), .java (1), .deflate (1), .css (1), .html (1), .png (1), .ini (1), .awk (1), .cpp (1), .mkd (1)"
go-ethereum-1.5.1,2484,337367173,2281,336816755,*,61,89,13,0.005233494,81440,0.000241399,*,39,67,7,0.003068829,59975,0.000178064,*,".go (1207), .json (846),  (142), .h (62), .md (56), .yml (40), .s (26), .c (19), .sh (10), .pl (10), .txt (7), .markdown (7), .cfg (5), .nsh (3), .js (3), .sol (3), .include (3), .py (3), .in (2), .lock (2), .yaml (2), .lesser (1), .conf (1), .920751759z--7ef5a6135f1fd6a02593eedc869c6d41d934aef8 (1), .changelog (1), .control (1), .copyright (1), .docs (1), .install (1), .rules (1), .pom (1), .settings (1), .nsi (1), .dll (1), .zip (1), .podspec (1), .ac (1), .am (1), .java (1), .deflate (1), .css (1), .html (1), .png (1), .ini (1), .awk (1), .cpp (1), .mkd (1)"
go-ethereum-1.5.2,2484,337367623,2281,336816749,*,21,20,7,0.002818035,64635,0.000191586,*,6,7,3,0.001315213,43447,0.000128993,*,".go (1207), .json (846),  (142), .h (62), .md (56), .yml (40), .s (26), .c (19), .sh (10), .pl (10), .txt (7), .markdown (7), .cfg (5), .nsh (3), .js (3), .sol (3), .include (3), .py (3), .in (2), .lock (2), .yaml (2), .lesser (1), .conf (1), .920751759z--7ef5a6135f1fd6a02593eedc869c6d41d934aef8 (1), .changelog (1), .control (1), .copyright (1), .docs (1), .install (1), .rules (1), .pom (1), .settings (1), .nsi (1), .dll (1), .zip (1), .podspec (1), .ac (1), .am (1), .java (1), .deflate (1), .css (1), .html (1), .png (1), .ini (1), .awk (1), .cpp (1), .mkd (1)"
go-ethereum-1.5.3,2484,337416024,2281,336865257,*,2098,1242,66,0.026570048,4770061,0.014137032,*,2088,1231,62,0.027181061,4751419,0.014104806,*,".go (1207), .json (846),  (142), .h (62), .md (56), .yml (40), .s (26), .c (19), .sh (10), .pl (10), .txt (7), .markdown (7), .cfg (5), .nsh (3), .js (3), .sol (3), .include (3), .py (3), .in (2), .lock (2), .yaml (2), .lesser (1), .conf (1), .920751759z--7ef5a6135f1fd6a02593eedc869c6d41d934aef8 (1), .changelog (1), .control (1), .copyright (1), .docs (1), .install (1), .rules (1), .pom (1), .settings (1), .nsi (1), .dll (1), .zip (1), .podspec (1), .ac (1), .am (1), .java (1), .deflate (1), .css (1), .html (1), .png (1), .ini (1), .awk (1), .cpp (1), .mkd (1)"
go-ethereum-1.5.4,2483,337410933,2280,336860300,*,2834,2317,78,0.031413613,809131,0.002398058,*,2820,685,66,0.028947368,803773,0.002386072,*,".go (1206), .json (846),  (142), .h (62), .md (56), .yml (40), .s (26), .c (19), .sh (10), .pl (10), .txt (7), .markdown (7), .cfg (5), .nsh (3), .js (3), .sol (3), .include (3), .py (3), .in (2), .lock (2), .yaml (2), .lesser (1), .conf (1), .920751759z--7ef5a6135f1fd6a02593eedc869c6d41d934aef8 (1), .changelog (1), .control (1), .copyright (1), .docs (1), .install (1), .rules (1), .pom (1), .settings (1), .nsi (1), .dll (1), .zip (1), .podspec (1), .ac (1), .am (1), .java (1), .deflate (1), .css (1), .html (1), .png (1), .ini (1), .awk (1), .cpp (1), .mkd (1)"
go-ethereum-1.5.5,2487,337478159,2283,336923350,*,5426,3440,138,0.05548854,1294048,0.003834464,*,5254,2929,123,0.053876478,1258656,0.003735734,*,".go (1210), .json (846),  (142), .h (62), .md (56), .yml (40), .s (26), .c (18), .sh (10), .pl (10), .txt (7), .markdown (7), .cfg (5), .nsh (4), .js (3), .sol (3), .include (3), .py (3), .in (2), .lock (2), .yaml (2), .lesser (1), .conf (1), .920751759z--7ef5a6135f1fd6a02593eedc869c6d41d934aef8 (1), .changelog (1), .control (1), .copyright (1), .docs (1), .install (1), .rules (1), .pom (1), .settings (1), .nsi (1), .dll (1), .zip (1), .podspec (1), .ac (1), .am (1), .java (1), .deflate (1), .css (1), .html (1), .png (1), .ini (1), .awk (1), .cpp (1), .mkd (1)"
go-ethereum-1.5.6,2473,337432491,2269,336877680,*,3886,5552,262,0.105944197,3944022,0.011688329,*,3883,3043,241,0.106214191,3940640,0.01169754,*,".go (1196), .json (846),  (142), .h (62), .md (56), .yml (40), .s (26), .c (18), .sh (10), .pl (10), .txt (7), .markdown (7), .cfg (5), .nsh (4), .js (3), .sol (3), .include (3), .py (3), .in (2), .lock (2), .yaml (2), .lesser (1), .conf (1), .920751759z--7ef5a6135f1fd6a02593eedc869c6d41d934aef8 (1), .changelog (1), .control (1), .copyright (1), .docs (1), .install (1), .rules (1), .pom (1), .settings (1), .nsi (1), .dll (1), .zip (1), .podspec (1), .ac (1), .am (1), .java (1), .deflate (1), .css (1), .html (1), .png (1), .ini (1), .awk (1), .cpp (1), .mkd (1)"
go-ethereum-1.5.7,2510,338462932,2297,337819262,*,23301,3653,271,0.107968127,4869237,0.014386323,*,20007,2396,223,0.097083152,4678723,0.013849782,*,".go (1210), .json (847),  (143), .h (62), .md (57), .yml (43), .s (28), .c (22), .sh (10), .pl (10), .txt (7), .markdown (7), .js (5), .cfg (5), .nsh (4), .java (4), .py (4), .sol (3), .m4 (3), .sage (3), .in (2), .include (2), .lock (2), .yaml (2), .lesser (1), .conf (1), .920751759z--7ef5a6135f1fd6a02593eedc869c6d41d934aef8 (1), .changelog (1), .control (1), .copyright (1), .docs (1), .install (1), .rules (1), .pom (1), .settings (1), .nsi (1), .dll (1), .zip (1), .podspec (1), .ac (1), .am (1), .deflate (1), .css (1), .html (1), .png (1), .ini (1), .awk (1), .cpp (1), .mkd (1)"
go-ethereum-1.5.8,2515,338499846,2302,337856042,*,1603,447,77,0.030616302,911042,0.00269141,*,1576,417,71,0.030842745,905111,0.002678984,*,".go (1215), .json (847),  (143), .h (62), .md (57), .yml (43), .s (28), .c (22), .sh (10), .pl (10), .txt (7), .markdown (7), .js (5), .cfg (5), .nsh (4), .java (4), .py (4), .sol (3), .m4 (3), .sage (3), .in (2), .include (2), .lock (2), .yaml (2), .lesser (1), .conf (1), .920751759z--7ef5a6135f1fd6a02593eedc869c6d41d934aef8 (1), .changelog (1), .control (1), .copyright (1), .docs (1), .install (1), .rules (1), .pom (1), .settings (1), .nsi (1), .dll (1), .zip (1), .podspec (1), .ac (1), .am (1), .deflate (1), .css (1), .html (1), .png (1), .ini (1), .awk (1), .cpp (1), .mkd (1)"
go-ethereum-1.5.9,2599,339706076,2385,339061472,*,38514,1325,170,0.065409773,2243321,0.006603712,*,37574,728,141,0.059119497,2187408,0.006451361,*,".go (1246), .json (847),  (148), .h (82), .md (58), .yml (45), .c (44), .s (28), .sh (10), .pl (10), .txt (7), .markdown (7), .js (5), .cfg (5), .nsh (4), .java (4), .py (4), .cpp (4), .sol (3), .m4 (3), .sage (3), .in (2), .include (2), .lock (2), .yaml (2), .lesser (1), .conf (1), .920751759z--7ef5a6135f1fd6a02593eedc869c6d41d934aef8 (1), .changelog (1), .control (1), .copyright (1), .docs (1), .install (1), .rules (1), .pom (1), .settings (1), .nsi (1), .dll (1), .zip (1), .podspec (1), .ac (1), .am (1), .deflate (1), .css (1), .html (1), .png (1), .ini (1), .awk (1), .mkd (1)"
go-ethereum-1.6.0,2799,343618363,2586,342950511,*,79434,25056,939,0.335476956,12351472,0.03594532,*,74657,12867,772,0.298530549,12067886,0.035188418,*,".go (1443), .json (848),  (138), .h (84), .md (71), .c (46), .s (33), .yml (26), .txt (12), .sh (10), .pl (10), .markdown (7), .js (5), .cfg (5), .nsh (4), .java (4), .cpp (4), .sol (3), .m4 (3), .sage (3), .py (3), .lock (3), .yaml (3), .html (2), .include (2), .csv (2), .lesser (1), .920751759z--7ef5a6135f1fd6a02593eedc869c6d41d934aef8 (1), .changelog (1), .control (1), .copyright (1), .docs (1), .install (1), .rules (1), .pom (1), .settings (1), .nsi (1), .dll (1), .zip (1), .podspec (1), .ac (1), .in (1), .am (1), .deflate (1), .css (1), .png (1), .ini (1), .iml (1), .awk (1), .mkd (1), .peg (1)"
go-ethereum-1.6.1,2802,343665952,2589,342998440,*,2609,1289,112,0.039971449,2145353,0.006242553,*,2548,1211,109,0.042101197,2127561,0.00620283,*,".go (1446), .json (848),  (138), .h (84), .md (71), .c (46), .s (33), .yml (26), .txt (12), .sh (10), .pl (10), .markdown (7), .js (5), .cfg (5), .nsh (4), .java (4), .cpp (4), .sol (3), .m4 (3), .sage (3), .py (3), .lock (3), .yaml (3), .html (2), .include (2), .csv (2), .lesser (1), .920751759z--7ef5a6135f1fd6a02593eedc869c6d41d934aef8 (1), .changelog (1), .control (1), .copyright (1), .docs (1), .install (1), .rules (1), .pom (1), .settings (1), .nsi (1), .dll (1), .zip (1), .podspec (1), .ac (1), .in (1), .am (1), .deflate (1), .css (1), .png (1), .ini (1), .iml (1), .awk (1), .mkd (1), .peg (1)"
go-ethereum-1.6.2,2824,343800533,2610,343132560,*,6115,1210,116,0.041076487,1099593,0.003198346,*,6057,1080,108,0.04137931,1072659,0.003126078,*,".go (1464), .json (848),  (139), .h (84), .md (71), .c (46), .s (33), .yml (26), .sh (13), .txt (12), .pl (10), .markdown (7), .js (5), .cfg (5), .nsh (4), .java (4), .cpp (4), .sol (3), .m4 (3), .sage (3), .py (3), .lock (3), .yaml (3), .html (2), .include (2), .csv (2), .lesser (1), .920751759z--7ef5a6135f1fd6a02593eedc869c6d41d934aef8 (1), .changelog (1), .control (1), .copyright (1), .docs (1), .install (1), .rules (1), .pom (1), .settings (1), .nsi (1), .dll (1), .zip (1), .podspec (1), .ac (1), .in (1), .am (1), .deflate (1), .css (1), .png (1), .ini (1), .iml (1), .awk (1), .mkd (1), .peg (1)"
go-ethereum-1.6.3,2824,343802117,2610,343134144,*,114,74,10,0.003541076,122958,0.000357642,*,112,72,8,0.003065134,122531,0.000357094,*,".go (1464), .json (848),  (139), .h (84), .md (71), .c (46), .s (33), .yml (26), .sh (13), .txt (12), .pl (10), .markdown (7), .js (5), .cfg (5), .nsh (4), .java (4), .cpp (4), .sol (3), .m4 (3), .sage (3), .py (3), .lock (3), .yaml (3), .html (2), .include (2), .csv (2), .lesser (1), .920751759z--7ef5a6135f1fd6a02593eedc869c6d41d934aef8 (1), .changelog (1), .control (1), .copyright (1), .docs (1), .install (1), .rules (1), .pom (1), .settings (1), .nsi (1), .dll (1), .zip (1), .podspec (1), .ac (1), .in (1), .am (1), .deflate (1), .css (1), .png (1), .ini (1), .iml (1), .awk (1), .mkd (1), .peg (1)"
go-ethereum-1.6.4,2835,343818905,2615,343148267,*,731,4,14,0.004938272,71533,0.000208054,*,629,3,7,0.002676864,68862,0.000200677,*,".go (1464), .json (848),  (144), .h (84), .md (72), .c (46), .s (33), .yml (26), .sh (18), .txt (12), .pl (10), .markdown (7), .js (5), .cfg (5), .nsh (4), .java (4), .cpp (4), .sol (3), .m4 (3), .sage (3), .py (3), .lock (3), .yaml (3), .html (2), .include (2), .csv (2), .lesser (1), .920751759z--7ef5a6135f1fd6a02593eedc869c6d41d934aef8 (1), .changelog (1), .control (1), .copyright (1), .docs (1), .install (1), .rules (1), .pom (1), .settings (1), .nsi (1), .dll (1), .zip (1), .podspec (1), .ac (1), .in (1), .am (1), .deflate (1), .css (1), .png (1), .ini (1), .iml (1), .awk (1), .mkd (1), .peg (1)"
go-ethereum-1.6.5,2835,343818658,2615,343148020,*,14,16,3,0.001058201,3475,1.01E-05,*,13,15,2,0.000764818,3469,1.01E-05,*,".go (1464), .json (848),  (144), .h (84), .md (72), .c (46), .s (33), .yml (26), .sh (18), .txt (12), .pl (10), .markdown (7), .js (5), .cfg (5), .nsh (4), .java (4), .cpp (4), .sol (3), .m4 (3), .sage (3), .py (3), .lock (3), .yaml (3), .html (2), .include (2), .csv (2), .lesser (1), .920751759z--7ef5a6135f1fd6a02593eedc869c6d41d934aef8 (1), .changelog (1), .control (1), .copyright (1), .docs (1), .install (1), .rules (1), .pom (1), .settings (1), .nsi (1), .dll (1), .zip (1), .podspec (1), .ac (1), .in (1), .am (1), .deflate (1), .css (1), .png (1), .ini (1), .iml (1), .awk (1), .mkd (1), .peg (1)"
go-ethereum-1.6.6,2851,343884460,2631,343213383,*,3799,1904,103,0.036127675,1133560,0.00329634,*,3564,1901,96,0.036488027,1096264,0.003194118,*,".go (1477), .json (848),  (146), .h (84), .md (73), .c (46), .s (33), .yml (26), .sh (18), .txt (12), .pl (10), .markdown (7), .js (5), .cfg (5), .nsh (4), .java (4), .cpp (4), .sol (3), .m4 (3), .sage (3), .py (3), .lock (3), .yaml (3), .html (2), .include (2), .csv (2), .lesser (1), .920751759z--7ef5a6135f1fd6a02593eedc869c6d41d934aef8 (1), .changelog (1), .control (1), .copyright (1), .docs (1), .install (1), .rules (1), .pom (1), .settings (1), .nsi (1), .dll (1), .zip (1), .podspec (1), .ac (1), .in (1), .am (1), .deflate (1), .css (1), .png (1), .ini (1), .iml (1), .awk (1), .mkd (1), .peg (1)"
go-ethereum-1.6.7,1989,24966288,1796,24312425,*,6932,2510357,1036,0.520864756,1593111,0.063810487,*,6848,5493,144,0.080178174,1565249,0.06438062,*,".go (1487),  (142), .h (84), .md (64), .c (46), .s (33), .sh (16), .yml (13), .txt (12), .pl (10), .markdown (7), .json (6), .js (5), .cfg (5), .nsh (4), .java (4), .cpp (4), .sol (3), .m4 (3), .sage (3), .lock (3), .yaml (3), .html (2), .include (2), .py (2), .csv (2), .lesser (1), .920751759z--7ef5a6135f1fd6a02593eedc869c6d41d934aef8 (1), .changelog (1), .control (1), .copyright (1), .docs (1), .install (1), .rules (1), .pom (1), .settings (1), .nsi (1), .dll (1), .zip (1), .podspec (1), .ac (1), .in (1), .am (1), .deflate (1), .css (1), .png (1), .iml (1), .awk (1), .mkd (1), .peg (1)"
go-ethereum-1.7.0,2034,25779016,1839,25084805,*,28132,5912,311,0.152900688,4048063,0.157029384,*,26434,4124,285,0.15497553,3903710,0.155620504,*,".go (1525),  (147), .h (84), .md (64), .c (46), .s (33), .sh (16), .yml (13), .txt (12), .pl (10), .markdown (7), .json (6), .js (5), .cfg (5), .nsh (4), .java (4), .cpp (4), .sol (3), .m4 (3), .sage (3), .lock (3), .yaml (3), .proto (2), .html (2), .include (2), .py (2), .csv (2), .lesser (1), .920751759z--7ef5a6135f1fd6a02593eedc869c6d41d934aef8 (1), .changelog (1), .control (1), .copyright (1), .docs (1), .install (1), .rules (1), .pom (1), .settings (1), .nsi (1), .dll (1), .zip (1), .podspec (1), .ac (1), .in (1), .am (1), .deflate (1), .css (1), .png (1), .iml (1), .awk (1), .mkd (1), .peg (1)"
go-ethereum-1.7.1,2059,26001699,1862,25300061,*,8255,638,91,0.044196212,980315,0.037701959,*,7731,627,82,0.044038668,946921,0.037427617,*,".go (1545),  (148), .h (84), .md (67), .c (46), .s (33), .sh (17), .yml (13), .txt (12), .pl (10), .markdown (7), .json (6), .js (5), .cfg (5), .nsh (4), .java (4), .cpp (4), .sol (3), .m4 (3), .sage (3), .lock (3), .yaml (3), .proto (2), .html (2), .include (2), .py (2), .csv (2), .lesser (1), .920751759z--7ef5a6135f1fd6a02593eedc869c6d41d934aef8 (1), .changelog (1), .control (1), .copyright (1), .docs (1), .install (1), .rules (1), .pom (1), .settings (1), .nsi (1), .dll (1), .zip (1), .podspec (1), .ac (1), .in (1), .am (1), .deflate (1), .css (1), .png (1), .iml (1), .awk (1), .mkd (1), .peg (1)"
go-ethereum-1.7.2,2060,25870902,1863,25169264,*,1852,3273,49,0.023786408,1340144,0.051801209,*,1851,3272,48,0.025764895,1340138,0.053245021,*,".go (1546),  (148), .h (84), .md (67), .c (46), .s (33), .sh (17), .yml (13), .txt (12), .pl (10), .markdown (7), .json (6), .js (5), .cfg (5), .nsh (4), .java (4), .cpp (4), .sol (3), .m4 (3), .sage (3), .lock (3), .yaml (3), .proto (2), .html (2), .include (2), .py (2), .csv (2), .lesser (1), .920751759z--7ef5a6135f1fd6a02593eedc869c6d41d934aef8 (1), .changelog (1), .control (1), .copyright (1), .docs (1), .install (1), .rules (1), .pom (1), .settings (1), .nsi (1), .dll (1), .zip (1), .podspec (1), .ac (1), .in (1), .am (1), .deflate (1), .css (1), .png (1), .iml (1), .awk (1), .mkd (1), .peg (1)"
go-ethereum-1.7.3,2159,29790540,1955,29074859,*,67841,29516,436,0.201945345,10046778,0.33724726,*,67358,27279,392,0.200511509,9954450,0.342373113,*,".go (1622),  (152), .h (84), .md (69), .c (46), .s (36), .sh (17), .yml (13), .txt (12), .pl (9), .json (7), .jsx (7), .markdown (7), .js (6), .cfg (5), .nsh (4), .java (4), .cpp (4), .tmpl (4), .html (3), .sol (3), .m4 (3), .sage (3), .lock (3), .yaml (3), .proto (2), .include (2), .py (2), .csv (2), .lesser (1), .alltools (1), .920751759z--7ef5a6135f1fd6a02593eedc869c6d41d934aef8 (1), .changelog (1), .control (1), .copyright (1), .docs (1), .install (1), .rules (1), .pom (1), .settings (1), .nsi (1), .dll (1), .zip (1), .podspec (1), .ac (1), .in (1), .am (1), .deflate (1), .css (1), .png (1), .iml (1), .awk (1), .mkd (1), .peg (1)"
go-ethereum-1.8.0,2335,34927024,2123,34196994,*,184106,10024,599,0.256531049,14740283,0.422030889,*,182859,7632,541,0.254828073,14605389,0.427095697,*,".go (1732),  (159), .h (94), .md (78), .c (55), .s (36), .yml (17), .json (17), .sh (17), .js (13), .txt (12), .jsx (11), .pl (9), .sol (7), .markdown (7), .cfg (5), .nsh (4), .java (4), .lock (4), .cpp (4), .tmpl (4), .html (3), .m4 (3), .sage (3), .yaml (3), .proto (2), .include (2), .py (2), .csv (2), .lesser (1), .alltools (1), .920751759z--7ef5a6135f1fd6a02593eedc869c6d41d934aef8 (1), .changelog (1), .control (1), .copyright (1), .docs (1), .install (1), .rules (1), .pom (1), .settings (1), .nsi (1), .dll (1), .zip (1), .podspec (1), .ac (1), .in (1), .am (1), .deflate (1), .css (1), .png (1), .iml (1), .awk (1), .mkd (1), .peg (1), .toml (1)"
go-ethereum-1.8.1,2333,34988600,2121,34258570,*,156,114,21,0.009001286,336562,0.00961919,*,155,90,18,0.008486563,336556,0.009823994,*,".go (1730),  (159), .h (94), .md (78), .c (55), .s (36), .yml (17), .json (17), .sh (17), .js (13), .txt (12), .jsx (11), .pl (9), .sol (7), .markdown (7), .cfg (5), .nsh (4), .java (4), .lock (4), .cpp (4), .tmpl (4), .html (3), .m4 (3), .sage (3), .yaml (3), .proto (2), .include (2), .py (2), .csv (2), .lesser (1), .alltools (1), .920751759z--7ef5a6135f1fd6a02593eedc869c6d41d934aef8 (1), .changelog (1), .control (1), .copyright (1), .docs (1), .install (1), .rules (1), .pom (1), .settings (1), .nsi (1), .dll (1), .zip (1), .podspec (1), .ac (1), .in (1), .am (1), .deflate (1), .css (1), .png (1), .iml (1), .awk (1), .mkd (1), .peg (1), .toml (1)"
go-ethereum-1.8.2,2383,35276702,2163,34531075,*,14930,4418,247,0.10365086,2955707,0.083786375,*,14345,1232,210,0.097087379,2899368,0.083964024,*,".go (1769),  (161), .h (97), .md (82), .c (55), .s (37), .yml (18), .json (17), .sh (17), .js (13), .txt (12), .jsx (11), .pl (9), .sol (7), .markdown (7), .cfg (5), .nsh (4), .java (4), .lock (4), .cpp (4), .tmpl (4), .html (3), .m4 (3), .sage (3), .yaml (3), .proto (2), .include (2), .py (2), .csv (2), .lesser (1), .alltools (1), .920751759z--7ef5a6135f1fd6a02593eedc869c6d41d934aef8 (1), .changelog (1), .control (1), .copyright (1), .docs (1), .install (1), .rules (1), .pom (1), .settings (1), .nsi (1), .dll (1), .zip (1), .podspec (1), .ac (1), .in (1), .am (1), .deflate (1), .css (1), .png (1), .iml (1), .awk (1), .mkd (1), .peg (1), .toml (1)"
go-ethereum-1.8.3,2382,35198752,2161,34219734,*,10763,11207,120,0.050377834,3964919,0.112643738,*,4021,2946,95,0.043961129,3712010,0.108475712,*,".go (1771),  (159), .h (97), .md (82), .c (55), .s (38), .yml (19), .json (16), .sh (14), .js (13), .txt (12), .jsx (11), .pl (9), .sol (7), .markdown (7), .lock (5), .cfg (5), .nsh (4), .java (4), .cpp (4), .tmpl (4), .html (3), .m4 (3), .sage (3), .yaml (3), .proto (2), .include (2), .py (2), .csv (2), .lesser (1), .alltools (1), .920751759z--7ef5a6135f1fd6a02593eedc869c6d41d934aef8 (1), .changelog (1), .control (1), .copyright (1), .docs (1), .install (1), .rules (1), .pom (1), .settings (1), .nsi (1), .dll (1), .zip (1), .podspec (1), .ac (1), .in (1), .am (1), .deflate (1), .css (1), .png (1), .iml (1), .awk (1), .mkd (1), .peg (1), .toml (1)"
go-ethereum-1.8.4,2409,35717250,2182,34653626,*,7160,786,102,0.04234122,1603777,0.044902029,*,5706,614,87,0.039871677,1491386,0.043036939,*,".go (1789),  (159), .h (97), .md (87), .c (55), .s (38), .yml (19), .json (17), .sh (14), .js (14), .txt (12), .jsx (11), .pl (9), .sol (7), .markdown (7), .lock (5), .cfg (5), .nsh (4), .java (4), .cpp (4), .tmpl (4), .py (3), .html (3), .m4 (3), .sage (3), .yaml (3), .proto (2), .png (2), .include (2), .csv (2), .lesser (1), .alltools (1), .920751759z--7ef5a6135f1fd6a02593eedc869c6d41d934aef8 (1), .changelog (1), .control (1), .copyright (1), .docs (1), .install (1), .rules (1), .pom (1), .settings (1), .nsi (1), .dll (1), .zip (1), .podspec (1), .ac (1), .in (1), .am (1), .deflate (1), .css (1), .iml (1), .awk (1), .mkd (1), .peg (1), .toml (1)"
go-ethereum-1.8.5,2410,35717221,2183,34653536,*,262,209,66,0.027385892,1699313,0.047576854,*,246,208,62,0.028401283,1687908,0.048708103,*,".go (1789),  (159), .h (97), .md (87), .c (55), .s (38), .yml (19), .json (17), .sh (15), .js (14), .txt (12), .jsx (11), .pl (9), .sol (7), .markdown (7), .lock (5), .cfg (5), .nsh (4), .java (4), .cpp (4), .tmpl (4), .py (3), .html (3), .m4 (3), .sage (3), .yaml (3), .proto (2), .png (2), .include (2), .csv (2), .lesser (1), .alltools (1), .920751759z--7ef5a6135f1fd6a02593eedc869c6d41d934aef8 (1), .changelog (1), .control (1), .copyright (1), .docs (1), .install (1), .rules (1), .pom (1), .settings (1), .nsi (1), .dll (1), .zip (1), .podspec (1), .ac (1), .in (1), .am (1), .deflate (1), .css (1), .iml (1), .awk (1), .mkd (1), .peg (1), .toml (1)"
go-ethereum-1.8.6,2410,35716939,2183,34653512,*,10,22,7,0.002904564,28938,0.000810204,*,7,7,4,0.001832341,28102,0.000810942,*,".go (1789),  (159), .h (97), .md (87), .c (55), .s (38), .yml (19), .json (17), .sh (15), .js (14), .txt (12), .jsx (11), .pl (9), .sol (7), .markdown (7), .lock (5), .cfg (5), .nsh (4), .java (4), .cpp (4), .tmpl (4), .py (3), .html (3), .m4 (3), .sage (3), .yaml (3), .proto (2), .png (2), .include (2), .csv (2), .lesser (1), .alltools (1), .920751759z--7ef5a6135f1fd6a02593eedc869c6d41d934aef8 (1), .changelog (1), .control (1), .copyright (1), .docs (1), .install (1), .rules (1), .pom (1), .settings (1), .nsi (1), .dll (1), .zip (1), .podspec (1), .ac (1), .in (1), .am (1), .deflate (1), .css (1), .iml (1), .awk (1), .mkd (1), .peg (1), .toml (1)"
go-ethereum-1.8.7,2427,35867584,2193,34674754,*,1303,240,57,0.023485785,673937,0.018789584,*,1068,237,46,0.020975832,508157,0.014654956,*,".go (1796),  (160), .h (97), .md (88), .c (55), .s (39), .yml (19), .json (17), .sh (15), .js (14), .txt (12), .jsx (11), .pl (9), .png (7), .sol (7), .markdown (7), .lock (5), .cfg (5), .nsh (4), .py (4), .java (4), .cpp (4), .tmpl (4), .html (3), .m4 (3), .sage (3), .yaml (3), .proto (2), .include (2), .csv (2), .lesser (1), .alltools (1), .920751759z--7ef5a6135f1fd6a02593eedc869c6d41d934aef8 (1), .changelog (1), .control (1), .copyright (1), .docs (1), .install (1), .rules (1), .pom (1), .settings (1), .nsi (1), .dll (1), .zip (1), .podspec (1), .clefsign (1), .ac (1), .in (1), .am (1), .deflate (1), .css (1), .iml (1), .awk (1), .mkd (1), .peg (1), .toml (1)"
go-ethereum-1.8.8,2433,35868642,2199,34675812,*,2378,2328,154,0.063296342,1862242,0.051918386,*,2373,1536,150,0.068212824,1854155,0.053471134,*,".go (1802),  (160), .h (97), .md (88), .c (55), .s (39), .yml (19), .json (17), .sh (15), .js (14), .txt (12), .jsx (11), .pl (9), .png (7), .sol (7), .markdown (7), .lock (5), .cfg (5), .nsh (4), .py (4), .java (4), .cpp (4), .tmpl (4), .html (3), .m4 (3), .sage (3), .yaml (3), .proto (2), .include (2), .csv (2), .lesser (1), .alltools (1), .920751759z--7ef5a6135f1fd6a02593eedc869c6d41d934aef8 (1), .changelog (1), .control (1), .copyright (1), .docs (1), .install (1), .rules (1), .pom (1), .settings (1), .nsi (1), .dll (1), .zip (1), .podspec (1), .clefsign (1), .ac (1), .in (1), .am (1), .deflate (1), .css (1), .iml (1), .awk (1), .mkd (1), .peg (1), .toml (1)"
go-ethereum-1.8.9,2435,35890302,2201,34697504,*,1209,513,59,0.024229979,747429,0.020825375,*,1203,507,55,0.024988642,734993,0.021182878,*,".go (1804),  (160), .h (97), .md (88), .c (55), .s (39), .yml (19), .json (17), .sh (15), .js (14), .txt (12), .jsx (11), .pl (9), .png (7), .sol (7), .markdown (7), .lock (5), .cfg (5), .nsh (4), .py (4), .java (4), .cpp (4), .tmpl (4), .html (3), .m4 (3), .sage (3), .yaml (3), .proto (2), .include (2), .csv (2), .lesser (1), .alltools (1), .920751759z--7ef5a6135f1fd6a02593eedc869c6d41d934aef8 (1), .changelog (1), .control (1), .copyright (1), .docs (1), .install (1), .rules (1), .pom (1), .settings (1), .nsi (1), .dll (1), .zip (1), .podspec (1), .clefsign (1), .ac (1), .in (1), .am (1), .deflate (1), .css (1), .iml (1), .awk (1), .mkd (1), .peg (1), .toml (1)"
go-ethereum-1.8.10,2435,35889009,2201,34696210,*,151,209,24,0.009856263,285734,0.007961602,*,150,144,22,0.009995457,285727,0.008235107,*,".go (1804),  (160), .h (97), .md (88), .c (55), .s (39), .yml (19), .json (17), .sh (15), .js (14), .txt (12), .jsx (11), .pl (9), .png (7), .sol (7), .markdown (7), .lock (5), .cfg (5), .nsh (4), .py (4), .java (4), .cpp (4), .tmpl (4), .html (3), .m4 (3), .sage (3), .yaml (3), .proto (2), .include (2), .csv (2), .lesser (1), .alltools (1), .920751759z--7ef5a6135f1fd6a02593eedc869c6d41d934aef8 (1), .changelog (1), .control (1), .copyright (1), .docs (1), .install (1), .rules (1), .pom (1), .settings (1), .nsi (1), .dll (1), .zip (1), .podspec (1), .clefsign (1), .ac (1), .in (1), .am (1), .deflate (1), .css (1), .iml (1), .awk (1), .mkd (1), .peg (1), .toml (1)"
go-ethereum-1.8.11,2462,37265811,2228,36073012,*,30941,1063,111,0.045085297,3035138,0.081445645,*,30935,1059,109,0.048922801,3031713,0.0840438,*,".go (1831),  (160), .h (97), .md (88), .c (55), .s (39), .yml (19), .json (17), .sh (15), .js (14), .txt (12), .jsx (11), .pl (9), .png (7), .sol (7), .markdown (7), .lock (5), .cfg (5), .nsh (4), .py (4), .java (4), .cpp (4), .tmpl (4), .html (3), .m4 (3), .sage (3), .yaml (3), .proto (2), .include (2), .csv (2), .lesser (1), .alltools (1), .920751759z--7ef5a6135f1fd6a02593eedc869c6d41d934aef8 (1), .changelog (1), .control (1), .copyright (1), .docs (1), .install (1), .rules (1), .pom (1), .settings (1), .nsi (1), .dll (1), .zip (1), .podspec (1), .clefsign (1), .ac (1), .in (1), .am (1), .deflate (1), .css (1), .iml (1), .awk (1), .mkd (1), .peg (1), .toml (1)"
go-ethereum-1.8.12,2566,42853377,2324,41617417,*,41322,10910,321,0.125097428,7899966,0.184348739,*,40456,4884,290,0.124784854,7847247,0.188556801,*,".go (1907),  (162), .h (97), .md (92), .c (55), .s (39), .json (33), .yml (19), .js (17), .sh (16), .txt (13), .jsx (11), .pl (10), .png (7), .sol (7), .markdown (7), .lock (5), .cfg (5), .nsh (4), .py (4), .java (4), .cpp (4), .tmpl (4), .html (3), .m4 (3), .sage (3), .yaml (3), .proto (2), .include (2), .csv (2), .lesser (1), .alltools (1), .920751759z--7ef5a6135f1fd6a02593eedc869c6d41d934aef8 (1), .changelog (1), .control (1), .copyright (1), .docs (1), .install (1), .rules (1), .pom (1), .settings (1), .nsi (1), .dll (1), .zip (1), .podspec (1), .clefsign (1), .ac (1), .in (1), .am (1), .deflate (1), .css (1), .iml (1), .awk (1), .mkd (1), .peg (1), .toml (1)"
go-ethereum-1.8.13,2750,44210930,2506,42974779,*,60944,22941,506,0.184,7234674,0.163639942,*,58801,13901,421,0.167996808,6878143,0.160050689,*,".go (2063),  (171), .md (101), .h (97), .c (55), .s (39), .json (33), .yml (19), .sh (17), .js (17), .txt (13), .jsx (12), .pl (10), .png (7), .sol (7), .markdown (7), .lock (6), .cfg (5), .nsh (4), .py (4), .java (4), .cpp (4), .tmpl (4), .html (3), .m4 (3), .sage (3), .yaml (3), .proto (2), .changelog (2), .control (2), .copyright (2), .docs (2), .install (2), .rules (2), .include (2), .csv (2), .toml (2), .lesser (1), .alltools (1), .920751759z--7ef5a6135f1fd6a02593eedc869c6d41d934aef8 (1), .pom (1), .settings (1), .nsi (1), .dll (1), .zip (1), .podspec (1), .clefsign (1), .ac (1), .in (1), .am (1), .deflate (1), .css (1), .iml (1), .awk (1), .mkd (1), .peg (1)"
go-ethereum-1.8.14,2783,44375705,2536,43129370,*,8733,3362,210,0.075458139,2857529,0.064393997,*,8449,2264,197,0.077681388,2814354,0.06525377,*,".go (2092),  (173), .md (101), .h (97), .c (56), .s (40), .json (33), .yml (19), .sh (17), .js (17), .txt (13), .jsx (12), .pl (10), .png (7), .sol (7), .markdown (7), .lock (6), .cfg (5), .nsh (4), .py (4), .java (4), .cpp (4), .tmpl (4), .html (3), .m4 (3), .sage (3), .yaml (3), .proto (2), .changelog (2), .control (2), .copyright (2), .docs (2), .install (2), .rules (2), .include (2), .csv (2), .toml (2), .lesser (1), .alltools (1), .920751759z--7ef5a6135f1fd6a02593eedc869c6d41d934aef8 (1), .pom (1), .settings (1), .nsi (1), .dll (1), .zip (1), .podspec (1), .clefsign (1), .ac (1), .in (1), .am (1), .deflate (1), .css (1), .iml (1), .awk (1), .mkd (1), .peg (1)"
go-ethereum-1.8.15,2783,44406777,2536,43160446,*,1742,861,89,0.031979878,1236598,0.027847056,*,1741,837,86,0.033911672,1226342,0.028413562,*,".go (2092),  (173), .md (101), .h (97), .c (56), .s (40), .json (33), .yml (19), .sh (17), .js (17), .txt (13), .jsx (12), .pl (10), .png (7), .sol (7), .markdown (7), .lock (6), .cfg (5), .nsh (4), .py (4), .java (4), .cpp (4), .tmpl (4), .html (3), .m4 (3), .sage (3), .yaml (3), .proto (2), .changelog (2), .control (2), .copyright (2), .docs (2), .install (2), .rules (2), .include (2), .csv (2), .toml (2), .lesser (1), .alltools (1), .920751759z--7ef5a6135f1fd6a02593eedc869c6d41d934aef8 (1), .pom (1), .settings (1), .nsi (1), .dll (1), .zip (1), .podspec (1), .clefsign (1), .ac (1), .in (1), .am (1), .deflate (1), .css (1), .iml (1), .awk (1), .mkd (1), .peg (1)"
go-ethereum-1.8.16,2780,44486569,2535,43244816,*,5894,3668,204,0.073381295,2544248,0.057191374,*,5852,3165,190,0.07495069,2514044,0.058135153,*,".go (2091),  (172), .md (100), .h (97), .c (56), .s (40), .json (33), .yml (19), .sh (17), .js (17), .txt (13), .jsx (12), .pl (10), .png (7), .sol (7), .markdown (7), .lock (6), .cfg (5), .nsh (4), .py (4), .java (4), .cpp (4), .tmpl (4), .html (3), .m4 (3), .sage (3), .yaml (3), .proto (2), .changelog (2), .control (2), .copyright (2), .docs (2), .install (2), .rules (2), .include (2), .csv (2), .toml (2), .lesser (1), .alltools (1), .920751759z--7ef5a6135f1fd6a02593eedc869c6d41d934aef8 (1), .pom (1), .settings (1), .nsi (1), .dll (1), .zip (1), .podspec (1), .clefsign (1), .ac (1), .in (1), .am (1), .deflate (1), .css (1), .iml (1), .awk (1), .mkd (1), .peg (1)"
go-ethereum-1.8.17,2774,40993165,2530,39740937,*,13252,19508,329,0.118601298,5415494,0.132107243,*,11280,4600,267,0.105533597,5146388,0.129498406,*,".go (2085),  (171), .md (100), .h (97), .c (56), .s (40), .json (34), .yml (19), .sh (17), .js (17), .txt (12), .jsx (12), .pl (10), .png (7), .sol (7), .markdown (7), .lock (6), .cfg (5), .nsh (4), .py (4), .java (4), .cpp (4), .tmpl (4), .html (3), .m4 (3), .sage (3), .yaml (3), .proto (2), .changelog (2), .control (2), .copyright (2), .docs (2), .install (2), .rules (2), .include (2), .csv (2), .toml (2), .lesser (1), .alltools (1), .920751759z--7ef5a6135f1fd6a02593eedc869c6d41d934aef8 (1), .pom (1), .settings (1), .nsi (1), .dll (1), .zip (1), .podspec (1), .clefsign (1), .types (1), .ac (1), .in (1), .am (1), .deflate (1), .css (1), .iml (1), .awk (1), .mkd (1), .peg (1)"
go-ethereum-1.8.18,2785,41089022,2541,39837088,*,6770,3412,196,0.07037702,2275417,0.055377736,*,6752,2971,185,0.072805982,2227917,0.055925699,*,".go (2096),  (171), .md (100), .h (97), .c (56), .s (40), .json (34), .yml (19), .sh (17), .js (17), .txt (12), .jsx (12), .pl (10), .png (7), .sol (7), .markdown (7), .lock (6), .cfg (5), .nsh (4), .py (4), .java (4), .cpp (4), .tmpl (4), .html (3), .m4 (3), .sage (3), .yaml (3), .proto (2), .changelog (2), .control (2), .copyright (2), .docs (2), .install (2), .rules (2), .include (2), .csv (2), .toml (2), .lesser (1), .alltools (1), .920751759z--7ef5a6135f1fd6a02593eedc869c6d41d934aef8 (1), .pom (1), .settings (1), .nsi (1), .dll (1), .zip (1), .podspec (1), .clefsign (1), .types (1), .ac (1), .in (1), .am (1), .deflate (1), .css (1), .iml (1), .awk (1), .mkd (1), .peg (1)"
go-ethereum-1.8.19,2816,41264167,2572,40011951,*,7113,1284,149,0.052911932,1840966,0.044614156,*,6753,1017,140,0.054432348,1794646,0.044852749,*,".go (2125),  (172), .md (101), .h (97), .c (56), .s (40), .json (34), .yml (19), .sh (17), .js (17), .txt (12), .jsx (12), .pl (10), .png (7), .sol (7), .markdown (7), .lock (6), .cfg (5), .nsh (4), .py (4), .java (4), .cpp (4), .tmpl (4), .html (3), .m4 (3), .sage (3), .yaml (3), .proto (2), .changelog (2), .control (2), .copyright (2), .docs (2), .install (2), .rules (2), .include (2), .csv (2), .toml (2), .lesser (1), .alltools (1), .920751759z--7ef5a6135f1fd6a02593eedc869c6d41d934aef8 (1), .pom (1), .settings (1), .nsi (1), .dll (1), .zip (1), .podspec (1), .clefsign (1), .types (1), .ac (1), .in (1), .am (1), .deflate (1), .css (1), .iml (1), .awk (1), .mkd (1), .peg (1)"
go-ethereum-1.8.20,2818,41185328,2574,39933111,*,1966,5997,106,0.03761533,1739691,0.042240552,*,1963,518,102,0.03962704,1721075,0.043098946,*,".go (2126),  (172), .md (101), .h (97), .c (56), .s (40), .json (35), .yml (19), .sh (17), .js (17), .txt (12), .jsx (12), .pl (10), .png (7), .sol (7), .markdown (7), .lock (6), .cfg (5), .nsh (4), .py (4), .java (4), .cpp (4), .tmpl (4), .html (3), .m4 (3), .sage (3), .yaml (3), .proto (2), .changelog (2), .control (2), .copyright (2), .docs (2), .install (2), .rules (2), .include (2), .csv (2), .toml (2), .lesser (1), .alltools (1), .920751759z--7ef5a6135f1fd6a02593eedc869c6d41d934aef8 (1), .pom (1), .settings (1), .nsi (1), .dll (1), .zip (1), .podspec (1), .clefsign (1), .types (1), .ac (1), .in (1), .am (1), .deflate (1), .css (1), .iml (1), .awk (1), .mkd (1), .peg (1)"
go-ethereum-1.8.21,2847,40868223,2598,39561743,*,10585,3931,250,0.087811732,2893812,0.070808364,*,8341,3064,230,0.088529638,2809951,0.071026977,*,".go (2149),  (171), .md (101), .h (97), .c (56), .s (46), .json (35), .yml (19), .sh (19), .js (17), .txt (12), .jsx (12), .pl (10), .png (7), .sol (7), .markdown (7), .lock (6), .cfg (5), .nsh (4), .py (4), .java (4), .cpp (4), .tmpl (4), .html (3), .m4 (3), .sage (3), .yaml (3), .proto (2), .changelog (2), .control (2), .copyright (2), .docs (2), .install (2), .rules (2), .include (2), .csv (2), .toml (2), .lesser (1), .alltools (1), .920751759z--7ef5a6135f1fd6a02593eedc869c6d41d934aef8 (1), .pom (1), .settings (1), .nsi (1), .dll (1), .zip (1), .podspec (1), .clefsign (1), .types (1), .ac (1), .in (1), .am (1), .css (1), .iml (1), .awk (1), .mkd (1), .peg (1)"
go-ethereum-1.8.22,2847,40883615,2598,39577135,*,907,463,23,0.008078679,794444,0.019431843,*,904,460,21,0.008083141,785012,0.019834988,*,".go (2149),  (171), .md (101), .h (97), .c (56), .s (46), .json (35), .yml (19), .sh (19), .js (17), .txt (12), .jsx (12), .pl (10), .png (7), .sol (7), .markdown (7), .lock (6), .cfg (5), .nsh (4), .py (4), .java (4), .cpp (4), .tmpl (4), .html (3), .m4 (3), .sage (3), .yaml (3), .proto (2), .changelog (2), .control (2), .copyright (2), .docs (2), .install (2), .rules (2), .include (2), .csv (2), .toml (2), .lesser (1), .alltools (1), .920751759z--7ef5a6135f1fd6a02593eedc869c6d41d934aef8 (1), .pom (1), .settings (1), .nsi (1), .dll (1), .zip (1), .podspec (1), .clefsign (1), .types (1), .ac (1), .in (1), .am (1), .css (1), .iml (1), .awk (1), .mkd (1), .peg (1)"
go-ethereum-1.8.23,2926,43346923,2676,42014201,*,92470,16979,394,0.134654819,9279914,0.214084723,*,90964,16004,359,0.134155456,9201720,0.219014518,*,".go (2226),  (171), .md (101), .h (97), .c (56), .s (54), .json (36), .yml (19), .sh (19), .js (17), .txt (12), .jsx (12), .png (7), .sol (7), .markdown (7), .lock (6), .cfg (5), .nsh (4), .py (4), .java (4), .cpp (4), .tmpl (4), .html (3), .m4 (3), .sage (3), .pl (3), .yaml (3), .proto (2), .changelog (2), .control (2), .copyright (2), .docs (2), .install (2), .rules (2), .include (2), .csv (2), .toml (2), .lesser (1), .alltools (1), .920751759z--7ef5a6135f1fd6a02593eedc869c6d41d934aef8 (1), .pom (1), .settings (1), .nsi (1), .dll (1), .zip (1), .podspec (1), .clefsign (1), .types (1), .ac (1), .in (1), .am (1), .css (1), .iml (1), .awk (1), .mkd (1), .peg (1)"
go-ethereum-1.8.24,2928,43358913,2678,42026191,*,536,172,43,0.014685792,751254,0.017326403,*,528,164,42,0.015683346,742378,0.017664651,*,".go (2228),  (171), .md (101), .h (97), .c (56), .s (54), .json (36), .yml (19), .sh (19), .js (17), .txt (12), .jsx (12), .png (7), .sol (7), .markdown (7), .lock (6), .cfg (5), .nsh (4), .py (4), .java (4), .cpp (4), .tmpl (4), .html (3), .m4 (3), .sage (3), .pl (3), .yaml (3), .proto (2), .changelog (2), .control (2), .copyright (2), .docs (2), .install (2), .rules (2), .include (2), .csv (2), .toml (2), .lesser (1), .alltools (1), .920751759z--7ef5a6135f1fd6a02593eedc869c6d41d934aef8 (1), .pom (1), .settings (1), .nsi (1), .dll (1), .zip (1), .podspec (1), .clefsign (1), .types (1), .ac (1), .in (1), .am (1), .css (1), .iml (1), .awk (1), .mkd (1), .peg (1)"
go-ethereum-1.8.25,2928,43358969,2678,42026247,*,4,2,3,0.00102459,14865,0.000342836,*,4,2,3,0.001120239,14865,0.000353708,*,".go (2228),  (171), .md (101), .h (97), .c (56), .s (54), .json (36), .yml (19), .sh (19), .js (17), .txt (12), .jsx (12), .png (7), .sol (7), .markdown (7), .lock (6), .cfg (5), .nsh (4), .py (4), .java (4), .cpp (4), .tmpl (4), .html (3), .m4 (3), .sage (3), .pl (3), .yaml (3), .proto (2), .changelog (2), .control (2), .copyright (2), .docs (2), .install (2), .rules (2), .include (2), .csv (2), .toml (2), .lesser (1), .alltools (1), .920751759z--7ef5a6135f1fd6a02593eedc869c6d41d934aef8 (1), .pom (1), .settings (1), .nsi (1), .dll (1), .zip (1), .podspec (1), .clefsign (1), .types (1), .ac (1), .in (1), .am (1), .css (1), .iml (1), .awk (1), .mkd (1), .peg (1)"
go-ethereum-1.8.26,2928,43360527,2678,42027805,*,72,12,6,0.00204918,89260,0.002058554,*,72,12,6,0.002240478,89260,0.002123832,*,".go (2228),  (171), .md (101), .h (97), .c (56), .s (54), .json (36), .yml (19), .sh (19), .js (17), .txt (12), .jsx (12), .png (7), .sol (7), .markdown (7), .lock (6), .cfg (5), .nsh (4), .py (4), .java (4), .cpp (4), .tmpl (4), .html (3), .m4 (3), .sage (3), .pl (3), .yaml (3), .proto (2), .changelog (2), .control (2), .copyright (2), .docs (2), .install (2), .rules (2), .include (2), .csv (2), .toml (2), .lesser (1), .alltools (1), .920751759z--7ef5a6135f1fd6a02593eedc869c6d41d934aef8 (1), .pom (1), .settings (1), .nsi (1), .dll (1), .zip (1), .podspec (1), .clefsign (1), .types (1), .ac (1), .in (1), .am (1), .css (1), .iml (1), .awk (1), .mkd (1), .peg (1)"
go-ethereum-1.8.27,2928,43364734,2678,42032012,*,214,117,13,0.004439891,314859,0.007260716,*,214,117,13,0.004854369,314859,0.007490933,*,".go (2228),  (171), .md (101), .h (97), .c (56), .s (54), .json (36), .yml (19), .sh (19), .js (17), .txt (12), .jsx (12), .png (7), .sol (7), .markdown (7), .lock (6), .cfg (5), .nsh (4), .py (4), .java (4), .cpp (4), .tmpl (4), .html (3), .m4 (3), .sage (3), .pl (3), .yaml (3), .proto (2), .changelog (2), .control (2), .copyright (2), .docs (2), .install (2), .rules (2), .include (2), .csv (2), .toml (2), .lesser (1), .alltools (1), .920751759z--7ef5a6135f1fd6a02593eedc869c6d41d934aef8 (1), .pom (1), .settings (1), .nsi (1), .dll (1), .zip (1), .podspec (1), .clefsign (1), .types (1), .ac (1), .in (1), .am (1), .css (1), .iml (1), .awk (1), .mkd (1), .peg (1)"
go-ethereum-1.9.0,2618,56772563,2397,54207887,*,159774,231467,1608,0.61420932,34608090,0.60959182,*,149218,68800,811,0.338339591,32621963,0.601793665,*,".go (1924),  (149), .h (98), .md (92), .json (56), .s (56), .c (56), .js (34), .yml (17), .txt (14), .jsx (13), .sh (12), .png (11), .markdown (7), .proto (5), .lock (5), .nsh (4), .py (4), .java (4), .cpp (4), .tmpl (4), .m4 (3), .sage (3), .mod (3), .toml (3), .html (2), .include (2), .pdf (2), .pl (2), .cfg (2), .lesser (1), .alltools (1), .920751759z--7ef5a6135f1fd6a02593eedc869c6d41d934aef8 (1), .pom (1), .settings (1), .nsi (1), .dll (1), .zip (1), .podspec (1), .changelog (1), .control (1), .copyright (1), .docs (1), .install (1), .rules (1), .clefsign (1), .sol (1), .ac (1), .in (1), .am (1), .awk (1), .yaml (1), .alpine (1), .ubuntu (1), .mkd (1), .peg (1), .sum (1)"
go-ethereum-1.9.1,2686,58611196,2465,56039333,*,43064,1846,267,0.099404319,4584976,0.078226965,*,42670,1692,254,0.103042596,4508259,0.08044812,*,".go (1984),  (152), .h (98), .md (94), .json (57), .s (56), .c (56), .js (34), .yml (17), .txt (14), .jsx (13), .sh (12), .png (11), .markdown (7), .proto (5), .lock (5), .nsh (4), .py (4), .java (4), .cpp (4), .mod (4), .tmpl (4), .m4 (3), .sage (3), .toml (3), .html (2), .include (2), .pdf (2), .sum (2), .pl (2), .cfg (2), .lesser (1), .alltools (1), .920751759z--7ef5a6135f1fd6a02593eedc869c6d41d934aef8 (1), .pom (1), .settings (1), .nsi (1), .dll (1), .zip (1), .podspec (1), .changelog (1), .control (1), .copyright (1), .docs (1), .install (1), .rules (1), .clefsign (1), .sol (1), .ac (1), .in (1), .am (1), .awk (1), .yaml (1), .alpine (1), .ubuntu (1), .mkd (1), .peg (1)"
go-ethereum-1.9.2,2689,58659704,2468,56087665,*,2874,1483,78,0.029007066,1130373,0.019270009,*,2824,855,70,0.028363047,1071370,0.019101704,*,".go (1987),  (152), .h (98), .md (94), .json (57), .s (56), .c (56), .js (34), .yml (17), .txt (14), .jsx (13), .sh (12), .png (11), .markdown (7), .proto (5), .lock (5), .nsh (4), .py (4), .java (4), .cpp (4), .mod (4), .tmpl (4), .m4 (3), .sage (3), .toml (3), .html (2), .include (2), .pdf (2), .sum (2), .pl (2), .cfg (2), .lesser (1), .alltools (1), .920751759z--7ef5a6135f1fd6a02593eedc869c6d41d934aef8 (1), .pom (1), .settings (1), .nsi (1), .dll (1), .zip (1), .podspec (1), .changelog (1), .control (1), .copyright (1), .docs (1), .install (1), .rules (1), .clefsign (1), .sol (1), .ac (1), .in (1), .am (1), .awk (1), .yaml (1), .alpine (1), .ubuntu (1), .mkd (1), .peg (1)"
go-ethereum-1.9.3,2704,57285308,2481,54682080,*,300025,2882,104,0.038461538,13483426,0.235373196,*,299045,1415,97,0.039097138,13399530,0.245044263,*,".go (2000),  (152), .h (98), .md (94), .s (58), .json (57), .c (56), .js (34), .yml (17), .txt (14), .jsx (13), .sh (12), .png (11), .markdown (7), .proto (5), .lock (5), .nsh (4), .py (4), .java (4), .cpp (4), .mod (4), .tmpl (4), .m4 (3), .sage (3), .toml (3), .html (2), .include (2), .pdf (2), .sum (2), .pl (2), .cfg (2), .lesser (1), .alltools (1), .920751759z--7ef5a6135f1fd6a02593eedc869c6d41d934aef8 (1), .pom (1), .settings (1), .nsi (1), .dll (1), .zip (1), .podspec (1), .changelog (1), .control (1), .copyright (1), .docs (1), .install (1), .rules (1), .clefsign (1), .sol (1), .ac (1), .in (1), .am (1), .awk (1), .yaml (1), .alpine (1), .ubuntu (1), .mkd (1), .peg (1)"
go-ethereum-1.9.4,2706,57309125,2483,54705882,*,1381,671,62,0.022912047,1036106,0.01807925,*,1358,648,55,0.022150624,998596,0.018253905,*,".go (2002),  (152), .h (98), .md (94), .s (58), .json (57), .c (56), .js (34), .yml (17), .txt (14), .jsx (13), .sh (12), .png (11), .markdown (7), .proto (5), .lock (5), .nsh (4), .py (4), .java (4), .cpp (4), .mod (4), .tmpl (4), .m4 (3), .sage (3), .toml (3), .html (2), .include (2), .pdf (2), .sum (2), .pl (2), .cfg (2), .lesser (1), .alltools (1), .920751759z--7ef5a6135f1fd6a02593eedc869c6d41d934aef8 (1), .pom (1), .settings (1), .nsi (1), .dll (1), .zip (1), .podspec (1), .changelog (1), .control (1), .copyright (1), .docs (1), .install (1), .rules (1), .clefsign (1), .sol (1), .ac (1), .in (1), .am (1), .awk (1), .yaml (1), .alpine (1), .ubuntu (1), .mkd (1), .peg (1)"
go-ethereum-1.9.5,2706,57309179,2483,54705936,*,2,1,2,0.000739098,15140,0.000264181,*,2,1,2,0.000805477,15140,0.000276752,*,".go (2002),  (152), .h (98), .md (94), .s (58), .json (57), .c (56), .js (34), .yml (17), .txt (14), .jsx (13), .sh (12), .png (11), .markdown (7), .proto (5), .lock (5), .nsh (4), .py (4), .java (4), .cpp (4), .mod (4), .tmpl (4), .m4 (3), .sage (3), .toml (3), .html (2), .include (2), .pdf (2), .sum (2), .pl (2), .cfg (2), .lesser (1), .alltools (1), .920751759z--7ef5a6135f1fd6a02593eedc869c6d41d934aef8 (1), .pom (1), .settings (1), .nsi (1), .dll (1), .zip (1), .podspec (1), .changelog (1), .control (1), .copyright (1), .docs (1), .install (1), .rules (1), .clefsign (1), .sol (1), .ac (1), .in (1), .am (1), .awk (1), .yaml (1), .alpine (1), .ubuntu (1), .mkd (1), .peg (1)"
go-ethereum-1.9.6,2773,57707784,2548,55101759,*,12253,351,113,0.04075009,1064752,0.018450752,*,11954,350,105,0.041208791,1050694,0.019068248,*,".go (2054),  (155), .h (98), .md (96), .json (58), .s (58), .c (56), .js (39), .yml (17), .txt (14), .jsx (13), .sh (12), .png (11), .markdown (7), .proto (5), .lock (5), .mod (5), .nsh (4), .py (4), .java (4), .cpp (4), .tmpl (4), .sol (3), .m4 (3), .sage (3), .sum (3), .toml (3), .html (2), .include (2), .pdf (2), .pl (2), .cfg (2), .lesser (1), .alltools (1), .920751759z--7ef5a6135f1fd6a02593eedc869c6d41d934aef8 (1), .pom (1), .settings (1), .nsi (1), .dll (1), .zip (1), .podspec (1), .changelog (1), .control (1), .copyright (1), .docs (1), .install (1), .rules (1), .clefsign (1), .ac (1), .in (1), .am (1), .awk (1), .yaml (1), .alpine (1), .ubuntu (1), .mkd (1), .peg (1)"
go-ethereum-1.9.7,2781,57807566,2556,55201299,*,4680,1429,101,0.036317871,1757656,0.030405293,*,4655,1408,93,0.036384977,1713201,0.03103552,*,".go (2062),  (155), .h (98), .md (96), .json (58), .s (58), .c (56), .js (39), .yml (17), .txt (14), .jsx (13), .sh (12), .png (11), .markdown (7), .proto (5), .lock (5), .mod (5), .nsh (4), .py (4), .java (4), .cpp (4), .tmpl (4), .sol (3), .m4 (3), .sage (3), .sum (3), .toml (3), .html (2), .include (2), .pdf (2), .pl (2), .cfg (2), .lesser (1), .alltools (1), .920751759z--7ef5a6135f1fd6a02593eedc869c6d41d934aef8 (1), .pom (1), .settings (1), .nsi (1), .dll (1), .zip (1), .podspec (1), .changelog (1), .control (1), .copyright (1), .docs (1), .install (1), .rules (1), .clefsign (1), .ac (1), .in (1), .am (1), .awk (1), .yaml (1), .alpine (1), .ubuntu (1), .mkd (1), .peg (1)"
go-ethereum-1.9.8,1201,25339242,1070,23299298,*,3051,871021,1762,1.467110741,2436702,0.096163176,*,2656,2257,165,0.154205607,2389823,0.102570601,*,".go (892), .h (54), .json (52),  (47), .js (35), .md (25), .c (14), .png (10), .yml (7), .sh (6), .s (5), .proto (4), .nsh (4), .py (4), .java (4), .txt (3), .sol (3), .m4 (3), .sage (3), .include (2), .pdf (2), .lesser (1), .alltools (1), .mod (1), .sum (1), .920751759z--7ef5a6135f1fd6a02593eedc869c6d41d934aef8 (1), .pom (1), .settings (1), .nsi (1), .dll (1), .zip (1), .podspec (1), .changelog (1), .control (1), .copyright (1), .docs (1), .install (1), .rules (1), .clefsign (1), .html (1), .ac (1), .in (1), .am (1)"
go-ethereum-1.9.9,1201,25342879,1070,23302711,*,716,647,48,0.039966694,1341530,0.052935185,*,710,644,46,0.042990654,1315038,0.056432833,*,".go (892), .h (54), .json (52),  (47), .js (35), .md (25), .c (14), .png (10), .yml (7), .sh (6), .s (5), .proto (4), .nsh (4), .py (4), .java (4), .txt (3), .sol (3), .m4 (3), .sage (3), .include (2), .pdf (2), .lesser (1), .alltools (1), .mod (1), .sum (1), .920751759z--7ef5a6135f1fd6a02593eedc869c6d41d934aef8 (1), .pom (1), .settings (1), .nsi (1), .dll (1), .zip (1), .podspec (1), .changelog (1), .control (1), .copyright (1), .docs (1), .install (1), .rules (1), .clefsign (1), .html (1), .ac (1), .in (1), .am (1)"
go-ethereum-1.9.10,1216,25445378,1077,23399816,*,3959,887,96,0.078947368,1947734,0.076545689,*,3814,813,78,0.072423398,1875756,0.080161143,*,".go (900), .h (54), .json (52),  (50), .js (35), .md (26), .c (14), .png (10), .yml (7), .sh (5), .s (5), .proto (4), .nsh (4), .py (4), .java (4), .txt (3), .sol (3), .m4 (3), .sage (3), .include (2), .pdf (2), .rlp (2), .lesser (1), .alltools (1), .yaml (1), .mod (1), .sum (1), .920751759z--7ef5a6135f1fd6a02593eedc869c6d41d934aef8 (1), .pom (1), .settings (1), .nsi (1), .dll (1), .zip (1), .podspec (1), .changelog (1), .control (1), .copyright (1), .docs (1), .install (1), .rules (1), .clefsign (1), .html (1), .ac (1), .in (1), .am (1), .bin (1)"
go-ethereum-1.9.11,1334,25596787,1080,23520885,*,6824,2668,226,0.169415292,1625489,0.063503634,*,6606,2477,102,0.094444444,1534592,0.065243804,*,".go (903),  (165), .h (54), .json (52), .js (35), .md (26), .c (14), .png (10), .yml (7), .sh (5), .s (5), .proto (4), .nsh (4), .py (4), .java (4), .txt (3), .sol (3), .m4 (3), .sage (3), .include (2), .pdf (2), .rlp (2), .lesser (1), .alltools (1), .yaml (1), .mod (1), .sum (1), .920751759z--7ef5a6135f1fd6a02593eedc869c6d41d934aef8 (1), .pom (1), .settings (1), .nsi (1), .dll (1), .zip (1), .podspec (1), .changelog (1), .control (1), .copyright (1), .docs (1), .install (1), .rules (1), .clefsign (1), .html (1), .ac (1), .in (1), .am (1), .bin (1)"
go-ethereum-1.9.12,1334,25603632,1080,23527726,*,1334,1185,49,0.036731634,908238,0.035473014,*,1319,1169,46,0.042592593,864182,0.036730367,*,".go (903),  (165), .h (54), .json (52), .js (35), .md (26), .c (14), .png (10), .yml (7), .sh (5), .s (5), .proto (4), .nsh (4), .py (4), .java (4), .txt (3), .sol (3), .m4 (3), .sage (3), .include (2), .pdf (2), .rlp (2), .lesser (1), .alltools (1), .yaml (1), .mod (1), .sum (1), .920751759z--7ef5a6135f1fd6a02593eedc869c6d41d934aef8 (1), .pom (1), .settings (1), .nsi (1), .dll (1), .zip (1), .podspec (1), .changelog (1), .control (1), .copyright (1), .docs (1), .install (1), .rules (1), .clefsign (1), .html (1), .ac (1), .in (1), .am (1), .bin (1)"
go-ethereum-1.9.13,1375,26423482,1118,23920452,*,14425,2741,242,0.176,4665121,0.176552091,*,14206,2069,226,0.202146691,4164085,0.174080532,*,".go (941),  (165), .h (54), .json (52), .js (35), .md (27), .c (14), .png (10), .yml (7), .sh (5), .s (5), .proto (4), .nsh (4), .py (4), .java (4), .pdf (4), .txt (3), .sol (3), .m4 (3), .sage (3), .include (2), .rlp (2), .lesser (1), .alltools (1), .yaml (1), .mod (1), .sum (1), .920751759z--7ef5a6135f1fd6a02593eedc869c6d41d934aef8 (1), .pom (1), .settings (1), .nsi (1), .dll (1), .zip (1), .podspec (1), .changelog (1), .control (1), .copyright (1), .docs (1), .install (1), .rules (1), .clefsign (1), .html (1), .ac (1), .in (1), .am (1), .bin (1)"
go-ethereum-1.9.14,1379,26548415,1122,24046401,*,6715,3087,172,0.124728064,3067916,0.11555929,*,6695,2855,166,0.147950089,3035603,0.12623939,*,".go (945),  (165), .h (54), .json (52), .js (35), .md (27), .c (14), .png (10), .yml (7), .sh (5), .s (5), .proto (4), .nsh (4), .py (4), .java (4), .pdf (4), .txt (3), .sol (3), .m4 (3), .sage (3), .include (2), .rlp (2), .lesser (1), .alltools (1), .yaml (1), .mod (1), .sum (1), .920751759z--7ef5a6135f1fd6a02593eedc869c6d41d934aef8 (1), .pom (1), .settings (1), .nsi (1), .dll (1), .zip (1), .podspec (1), .changelog (1), .control (1), .copyright (1), .docs (1), .install (1), .rules (1), .clefsign (1), .html (1), .ac (1), .in (1), .am (1), .bin (1)"
go-ethereum-1.9.15,1441,29395169,1183,26862342,*,21332,2773,218,0.151283831,7209083,0.245247204,*,19151,2722,207,0.174978867,7085216,0.263760174,*,".go (981),  (165), .json (77), .h (54), .js (35), .md (27), .c (14), .png (10), .yml (7), .s (6), .sh (5), .proto (4), .nsh (4), .py (4), .java (4), .pdf (4), .txt (3), .sol (3), .m4 (3), .sage (3), .include (2), .rlp (2), .lesser (1), .alltools (1), .yaml (1), .mod (1), .sum (1), .920751759z--7ef5a6135f1fd6a02593eedc869c6d41d934aef8 (1), .pom (1), .settings (1), .nsi (1), .dll (1), .zip (1), .podspec (1), .changelog (1), .control (1), .copyright (1), .docs (1), .install (1), .rules (1), .clefsign (1), .html (1), .ac (1), .in (1), .am (1), .bin (1)"
go-ethereum-1.9.16,1480,29518451,1213,26949800,*,4585,1497,151,0.102027027,1802973,0.061079526,*,4144,1103,134,0.110469909,1688102,0.062638758,*,".go (990),  (165), .json (97), .h (54), .js (35), .md (33), .c (14), .png (10), .yml (7), .sh (6), .s (6), .proto (4), .txt (4), .nsh (4), .py (4), .java (4), .pdf (4), .sol (3), .m4 (3), .sage (3), .include (2), .rlp (2), .lesser (1), .alltools (1), .yaml (1), .mod (1), .sum (1), .920751759z--7ef5a6135f1fd6a02593eedc869c6d41d934aef8 (1), .pom (1), .settings (1), .nsi (1), .dll (1), .zip (1), .podspec (1), .changelog (1), .control (1), .copyright (1), .docs (1), .install (1), .rules (1), .clefsign (1), .html (1), .blocks (1), .prv (1), .ac (1), .in (1), .am (1), .bin (1)"
go-ethereum-1.9.17,1483,29555857,1216,26987238,*,1765,603,85,0.057316251,1555916,0.052643238,*,1750,588,82,0.067434211,1503501,0.055711555,*,".go (993),  (165), .json (97), .h (54), .js (35), .md (33), .c (14), .png (10), .yml (7), .sh (6), .s (6), .proto (4), .txt (4), .nsh (4), .py (4), .java (4), .pdf (4), .sol (3), .m4 (3), .sage (3), .include (2), .rlp (2), .lesser (1), .alltools (1), .yaml (1), .mod (1), .sum (1), .920751759z--7ef5a6135f1fd6a02593eedc869c6d41d934aef8 (1), .pom (1), .settings (1), .nsi (1), .dll (1), .zip (1), .podspec (1), .changelog (1), .control (1), .copyright (1), .docs (1), .install (1), .rules (1), .clefsign (1), .html (1), .blocks (1), .prv (1), .ac (1), .in (1), .am (1), .bin (1)"
go-ethereum-1.9.18,1486,29580640,1219,27012021,*,1430,681,31,0.020861373,725732,0.02453402,*,1427,678,29,0.023789992,698364,0.025853823,*,".go (996),  (165), .json (97), .h (54), .js (35), .md (33), .c (14), .png (10), .yml (7), .sh (6), .s (6), .proto (4), .txt (4), .nsh (4), .py (4), .java (4), .pdf (4), .sol (3), .m4 (3), .sage (3), .include (2), .rlp (2), .lesser (1), .alltools (1), .yaml (1), .mod (1), .sum (1), .920751759z--7ef5a6135f1fd6a02593eedc869c6d41d934aef8 (1), .pom (1), .settings (1), .nsi (1), .dll (1), .zip (1), .podspec (1), .changelog (1), .control (1), .copyright (1), .docs (1), .install (1), .rules (1), .clefsign (1), .html (1), .blocks (1), .prv (1), .ac (1), .in (1), .am (1), .bin (1)"
go-ethereum-1.9.19,1484,29593287,1217,27024675,*,4713,4169,119,0.080188679,1882614,0.063616252,*,4712,3314,113,0.092851274,1875995,0.069417856,*,".go (994),  (165), .json (97), .h (54), .js (35), .md (33), .c (14), .png (10), .yml (7), .sh (6), .s (6), .proto (4), .txt (4), .nsh (4), .py (4), .java (4), .pdf (4), .sol (3), .m4 (3), .sage (3), .include (2), .rlp (2), .lesser (1), .alltools (1), .yaml (1), .mod (1), .sum (1), .920751759z--7ef5a6135f1fd6a02593eedc869c6d41d934aef8 (1), .pom (1), .settings (1), .nsi (1), .dll (1), .zip (1), .podspec (1), .changelog (1), .control (1), .copyright (1), .docs (1), .install (1), .rules (1), .clefsign (1), .html (1), .blocks (1), .prv (1), .ac (1), .in (1), .am (1), .bin (1)"
go-ethereum-1.9.20,1487,29727456,1220,27158308,*,4906,660,80,0.053799597,1620185,0.0545013,*,4870,636,74,0.060655738,1594329,0.058705019,*,".go (997),  (165), .json (97), .h (54), .js (35), .md (33), .c (14), .png (10), .yml (7), .sh (6), .s (6), .proto (4), .txt (4), .nsh (4), .py (4), .java (4), .pdf (4), .sol (3), .m4 (3), .sage (3), .include (2), .rlp (2), .lesser (1), .alltools (1), .yaml (1), .mod (1), .sum (1), .920751759z--7ef5a6135f1fd6a02593eedc869c6d41d934aef8 (1), .pom (1), .settings (1), .nsi (1), .dll (1), .zip (1), .podspec (1), .changelog (1), .control (1), .copyright (1), .docs (1), .install (1), .rules (1), .clefsign (1), .html (1), .blocks (1), .prv (1), .ac (1), .in (1), .am (1), .bin (1)"
go-ethereum-1.9.21,1463,29536259,1197,26963634,*,1087,8223,72,0.049213944,883355,0.029907477,*,1030,458,43,0.035923141,851407,0.031576122,*,".go (972),  (164), .json (99), .h (54), .js (35), .md (33), .c (14), .png (10), .yml (7), .sh (6), .s (6), .proto (4), .txt (4), .nsh (4), .py (4), .java (4), .pdf (4), .sol (3), .m4 (3), .sage (3), .include (2), .rlp (2), .lesser (1), .alltools (1), .yaml (1), .mod (1), .sum (1), .920751759z--7ef5a6135f1fd6a02593eedc869c6d41d934aef8 (1), .pom (1), .settings (1), .nsi (1), .dll (1), .zip (1), .podspec (1), .changelog (1), .control (1), .copyright (1), .docs (1), .install (1), .rules (1), .clefsign (1), .html (1), .blocks (1), .prv (1), .ac (1), .in (1), .am (1), .bin (1)"
go-ethereum-1.9.22,1479,29670131,1213,27091635,*,7678,3215,126,0.085192698,4358075,0.146884252,*,7588,2561,119,0.098103875,4288012,0.158278081,*,".go (988),  (164), .json (99), .h (54), .js (35), .md (33), .c (14), .png (10), .yml (7), .sh (6), .s (6), .proto (4), .txt (4), .nsh (4), .py (4), .java (4), .pdf (4), .sol (3), .m4 (3), .sage (3), .include (2), .rlp (2), .lesser (1), .alltools (1), .yaml (1), .mod (1), .sum (1), .920751759z--7ef5a6135f1fd6a02593eedc869c6d41d934aef8 (1), .pom (1), .settings (1), .nsi (1), .dll (1), .zip (1), .podspec (1), .changelog (1), .control (1), .copyright (1), .docs (1), .install (1), .rules (1), .clefsign (1), .html (1), .blocks (1), .prv (1), .ac (1), .in (1), .am (1), .bin (1)"
go-ethereum-1.9.23,1496,30051827,1224,27216753,*,6121,2072,115,0.076871658,2021766,0.067275976,*,5904,1038,104,0.08496732,1754408,0.064460592,*,".go (998),  (164), .json (100), .h (54), .js (35), .md (34), .c (14), .png (10), .txt (8), .yml (7), .sh (6), .s (6), .proto (4), .nsh (4), .py (4), .java (4), .pdf (4), .sol (3), .m4 (3), .sage (3), .include (2), .rlp (2), .lesser (1), .alltools (1), .yaml (1), .mod (1), .sum (1), .920751759z--7ef5a6135f1fd6a02593eedc869c6d41d934aef8 (1), .pom (1), .settings (1), .nsi (1), .dll (1), .zip (1), .podspec (1), .changelog (1), .control (1), .copyright (1), .docs (1), .install (1), .rules (1), .clefsign (1), .gz (1), .html (1), .blocks (1), .prv (1), .ac (1), .in (1), .am (1), .bin (1)"
go-ethereum-1.9.24,1503,30310445,1231,27344246,*,4755,1090,98,0.065202927,1883613,0.062144023,*,4685,970,90,0.073111292,1487899,0.054413605,*,".go (1004),  (164), .json (100), .h (54), .js (35), .md (34), .c (14), .png (10), .txt (8), .yml (7), .sh (7), .s (6), .proto (4), .nsh (4), .py (4), .java (4), .pdf (4), .sol (3), .m4 (3), .sage (3), .gz (2), .include (2), .rlp (2), .lesser (1), .alltools (1), .mod (1), .sum (1), .920751759z--7ef5a6135f1fd6a02593eedc869c6d41d934aef8 (1), .pom (1), .settings (1), .nsi (1), .dll (1), .zip (1), .podspec (1), .changelog (1), .control (1), .copyright (1), .docs (1), .install (1), .rules (1), .clefsign (1), .html (1), .blocks (1), .prv (1), .ac (1), .in (1), .am (1), .bin (1)"
go-ethereum-1.9.25,1544,34353436,1257,27444239,*,4207,2227,227,0.147020725,7350778,0.213975045,*,4108,1136,194,0.15433572,2980880,0.108615874,*,".go (1020),  (164), .json (103), .h (54), .md (36), .js (35), .c (14), .zip (10), .png (10), .txt (8), .yml (7), .sh (7), .s (6), .proto (4), .nsh (4), .py (4), .rlp (4), .java (4), .pdf (4), .sol (3), .m4 (3), .sage (3), .pub (2), .sec (2), .1 (2), .2 (2), .3 (2), .include (2), .lesser (1), .alltools (1), .mod (1), .sum (1), .920751759z--7ef5a6135f1fd6a02593eedc869c6d41d934aef8 (1), .pom (1), .settings (1), .nsi (1), .dll (1), .podspec (1), .changelog (1), .control (1), .copyright (1), .docs (1), .install (1), .rules (1), .clefsign (1), .html (1), .blocks (1), .prv (1), .sig (1), .ac (1), .in (1), .am (1), .bin (1)"
go-ethereum-1.10.0,1592,34902059,1295,27835355,*,27019,15262,404,0.253768844,6220161,0.178217595,*,26372,7878,358,0.276447876,5965274,0.214305656,*,".go (1055),  (170), .json (106), .h (54), .md (38), .js (35), .c (14), .zip (10), .png (10), .txt (8), .yml (7), .sh (7), .s (7), .proto (4), .nsh (4), .py (4), .rlp (4), .java (4), .pdf (4), .sol (3), .m4 (3), .sage (3), .pub (2), .sec (2), .1 (2), .2 (2), .3 (2), .include (2), .lesser (1), .alltools (1), .mod (1), .sum (1), .920751759z--7ef5a6135f1fd6a02593eedc869c6d41d934aef8 (1), .pom (1), .settings (1), .nsi (1), .dll (1), .podspec (1), .changelog (1), .control (1), .copyright (1), .docs (1), .install (1), .rules (1), .clefsign (1), .html (1), .blocks (1), .prv (1), .sig (1), .ac (1), .in (1), .am (1), .dat (1), .bin (1)"
go-ethereum-1.10.1,1592,34892598,1295,27825894,*,100,465,19,0.011934673,296169,0.008488018,*,100,465,19,0.014671815,296169,0.010643647,*,".go (1055),  (170), .json (106), .h (54), .md (38), .js (35), .c (14), .zip (10), .png (10), .txt (8), .yml (7), .sh (7), .s (7), .proto (4), .nsh (4), .py (4), .rlp (4), .java (4), .pdf (4), .sol (3), .m4 (3), .sage (3), .pub (2), .sec (2), .1 (2), .2 (2), .3 (2), .include (2), .lesser (1), .alltools (1), .mod (1), .sum (1), .920751759z--7ef5a6135f1fd6a02593eedc869c6d41d934aef8 (1), .pom (1), .settings (1), .nsi (1), .dll (1), .podspec (1), .changelog (1), .control (1), .copyright (1), .docs (1), .install (1), .rules (1), .clefsign (1), .html (1), .blocks (1), .prv (1), .sig (1), .ac (1), .in (1), .am (1), .dat (1), .bin (1)"
go-ethereum-1.10.2,1598,34964870,1301,27895224,*,5775,3393,161,0.100750939,3365549,0.096255156,*,5718,2771,155,0.119139124,3240051,0.116150743,*,".go (1061),  (170), .json (106), .h (54), .md (38), .js (35), .c (14), .zip (10), .png (10), .txt (8), .yml (7), .sh (7), .s (7), .proto (4), .nsh (4), .py (4), .rlp (4), .java (4), .pdf (4), .sol (3), .m4 (3), .sage (3), .pub (2), .sec (2), .1 (2), .2 (2), .3 (2), .include (2), .lesser (1), .alltools (1), .mod (1), .sum (1), .920751759z--7ef5a6135f1fd6a02593eedc869c6d41d934aef8 (1), .pom (1), .settings (1), .nsi (1), .dll (1), .podspec (1), .changelog (1), .control (1), .copyright (1), .docs (1), .install (1), .rules (1), .clefsign (1), .html (1), .blocks (1), .prv (1), .sig (1), .ac (1), .in (1), .am (1), .dat (1), .bin (1)"
go-ethereum-1.10.3,1612,35103170,1315,28042130,*,7031,2590,157,0.097394541,2619296,0.074617079,*,6897,2326,144,0.109505703,2490969,0.088829522,*,".go (1075),  (170), .json (106), .h (54), .md (38), .js (35), .c (14), .zip (10), .png (10), .txt (8), .yml (7), .sh (7), .s (7), .proto (4), .nsh (4), .py (4), .rlp (4), .java (4), .pdf (4), .sol (3), .m4 (3), .sage (3), .pub (2), .sec (2), .1 (2), .2 (2), .3 (2), .include (2), .lesser (1), .alltools (1), .mod (1), .sum (1), .920751759z--7ef5a6135f1fd6a02593eedc869c6d41d934aef8 (1), .pom (1), .settings (1), .nsi (1), .dll (1), .podspec (1), .changelog (1), .control (1), .copyright (1), .docs (1), .install (1), .rules (1), .clefsign (1), .html (1), .blocks (1), .prv (1), .sig (1), .ac (1), .in (1), .am (1), .dat (1), .bin (1)"
go-ethereum-1.10.4,1641,35276538,1341,28206443,*,9503,4676,262,0.159658745,5731458,0.162472236,*,9298,3410,249,0.185682327,5645484,0.200148739,*,".go (1088),  (170), .json (119), .h (54), .md (41), .js (35), .c (14), .zip (10), .png (10), .txt (8), .yml (7), .sh (7), .s (7), .proto (4), .nsh (4), .py (4), .rlp (4), .java (4), .pdf (4), .sol (3), .m4 (3), .sage (3), .pub (2), .sec (2), .1 (2), .2 (2), .3 (2), .include (2), .lesser (1), .alltools (1), .mod (1), .sum (1), .920751759z--7ef5a6135f1fd6a02593eedc869c6d41d934aef8 (1), .pom (1), .settings (1), .nsi (1), .dll (1), .podspec (1), .changelog (1), .control (1), .copyright (1), .docs (1), .install (1), .rules (1), .clefsign (1), .html (1), .blocks (1), .prv (1), .sig (1), .ac (1), .in (1), .am (1), .dat (1), .bin (1)"
go-ethereum-1.10.5,1645,35321777,1345,28250579,*,2058,794,98,0.059574468,1994569,0.056468535,*,2003,783,92,0.068401487,1898190,0.067191189,*,".go (1092),  (170), .json (119), .h (54), .md (41), .js (35), .c (14), .zip (10), .png (10), .txt (8), .yml (7), .sh (7), .s (7), .proto (4), .nsh (4), .py (4), .rlp (4), .java (4), .pdf (4), .sol (3), .m4 (3), .sage (3), .pub (2), .sec (2), .1 (2), .2 (2), .3 (2), .include (2), .lesser (1), .alltools (1), .mod (1), .sum (1), .920751759z--7ef5a6135f1fd6a02593eedc869c6d41d934aef8 (1), .pom (1), .settings (1), .nsi (1), .dll (1), .podspec (1), .changelog (1), .control (1), .copyright (1), .docs (1), .install (1), .rules (1), .clefsign (1), .html (1), .blocks (1), .prv (1), .sig (1), .ac (1), .in (1), .am (1), .dat (1), .bin (1)"
go-ethereum-1.10.6,1649,35334065,1348,28260465,*,410,30,14,0.008489994,110483,0.003126813,*,370,30,13,0.009643917,108081,0.003824459,*,".go (1092),  (170), .json (122), .h (54), .md (42), .js (35), .c (14), .zip (10), .png (10), .txt (8), .yml (7), .sh (7), .s (7), .proto (4), .nsh (4), .py (4), .rlp (4), .java (4), .pdf (4), .sol (3), .m4 (3), .sage (3), .pub (2), .sec (2), .1 (2), .2 (2), .3 (2), .include (2), .lesser (1), .alltools (1), .mod (1), .sum (1), .920751759z--7ef5a6135f1fd6a02593eedc869c6d41d934aef8 (1), .pom (1), .settings (1), .nsi (1), .dll (1), .podspec (1), .changelog (1), .control (1), .copyright (1), .docs (1), .install (1), .rules (1), .clefsign (1), .html (1), .blocks (1), .prv (1), .sig (1), .ac (1), .in (1), .am (1), .dat (1), .bin (1)"
go-ethereum-1.10.7,1654,35359372,1352,28280739,*,962,394,89,0.053808948,1555243,0.043983898,*,856,363,83,0.061390533,1442756,0.051015499,*,".go (1093),  (170), .json (125), .h (54), .md (43), .js (35), .c (14), .zip (10), .png (10), .txt (8), .yml (7), .sh (7), .s (7), .proto (4), .nsh (4), .py (4), .rlp (4), .java (4), .pdf (4), .sol (3), .m4 (3), .sage (3), .pub (2), .sec (2), .1 (2), .2 (2), .3 (2), .include (2), .lesser (1), .alltools (1), .mod (1), .sum (1), .920751759z--7ef5a6135f1fd6a02593eedc869c6d41d934aef8 (1), .pom (1), .settings (1), .nsi (1), .dll (1), .podspec (1), .changelog (1), .control (1), .copyright (1), .docs (1), .install (1), .rules (1), .clefsign (1), .html (1), .blocks (1), .prv (1), .sig (1), .ac (1), .in (1), .am (1), .dat (1), .bin (1)"
go-ethereum-1.10.8,1652,35372577,1350,28288953,*,1001,589,49,0.029661017,763337,0.021579909,*,936,286,44,0.032592593,693876,0.024528161,*,".go (1091),  (170), .json (125), .h (54), .md (43), .js (35), .c (14), .zip (10), .png (10), .txt (8), .yml (7), .sh (7), .s (7), .proto (4), .nsh (4), .py (4), .rlp (4), .java (4), .pdf (4), .sol (3), .m4 (3), .sage (3), .pub (2), .sec (2), .1 (2), .2 (2), .3 (2), .include (2), .lesser (1), .alltools (1), .mod (1), .sum (1), .920751759z--7ef5a6135f1fd6a02593eedc869c6d41d934aef8 (1), .pom (1), .settings (1), .nsi (1), .dll (1), .podspec (1), .changelog (1), .control (1), .copyright (1), .docs (1), .install (1), .rules (1), .clefsign (1), .html (1), .blocks (1), .prv (1), .sig (1), .ac (1), .in (1), .am (1), .dat (1), .bin (1)"
go-ethereum-1.10.9,1710,36151302,1402,28949301,*,15833,2454,294,0.171929825,4237568,0.117217576,*,15411,2385,276,0.196861626,3988033,0.137759216,*,".go (1113),  (170), .json (153), .h (54), .md (45), .js (37), .c (14), .zip (10), .png (10), .txt (8), .yml (7), .sh (7), .rlp (7), .s (7), .proto (4), .nsh (4), .py (4), .java (4), .pdf (4), .sol (3), .m4 (3), .sage (3), .pub (2), .sec (2), .1 (2), .2 (2), .3 (2), .bin (2), .include (2), .lesser (1), .alltools (1), .mod (1), .sum (1), .920751759z--7ef5a6135f1fd6a02593eedc869c6d41d934aef8 (1), .pom (1), .settings (1), .nsi (1), .dll (1), .podspec (1), .changelog (1), .control (1), .copyright (1), .docs (1), .install (1), .rules (1), .clefsign (1), .html (1), .blocks (1), .prv (1), .sig (1), .ac (1), .in (1), .am (1), .dat (1)"
go-ethereum-1.10.10,1712,36128313,1403,28925240,*,1626,992,95,0.055490654,2679531,0.074167067,*,1580,692,86,0.06129722,2574362,0.089000541,*,".go (1113),  (170), .json (155), .h (54), .md (45), .js (36), .c (14), .zip (10), .png (10), .txt (8), .rlp (8), .yml (7), .sh (7), .s (7), .proto (4), .nsh (4), .py (4), .java (4), .pdf (4), .sol (3), .m4 (3), .sage (3), .pub (2), .sec (2), .1 (2), .2 (2), .3 (2), .bin (2), .include (2), .lesser (1), .alltools (1), .mod (1), .sum (1), .920751759z--7ef5a6135f1fd6a02593eedc869c6d41d934aef8 (1), .pom (1), .settings (1), .nsi (1), .dll (1), .podspec (1), .changelog (1), .control (1), .copyright (1), .docs (1), .install (1), .rules (1), .clefsign (1), .html (1), .blocks (1), .prv (1), .sig (1), .ac (1), .in (1), .am (1), .dat (1)"
go-ethereum-1.10.11,1717,36136214,1406,28931102,*,751,525,24,0.013977868,449011,0.012425513,*,704,525,22,0.015647226,446972,0.015449532,*,".go (1115),  (170), .json (156), .h (54), .md (45), .js (36), .c (14), .zip (10), .png (10), .txt (9), .rlp (9), .yml (7), .sh (7), .s (7), .proto (4), .nsh (4), .py (4), .java (4), .pdf (4), .sol (3), .m4 (3), .sage (3), .pub (2), .sec (2), .1 (2), .2 (2), .3 (2), .bin (2), .include (2), .lesser (1), .alltools (1), .mod (1), .sum (1), .920751759z--7ef5a6135f1fd6a02593eedc869c6d41d934aef8 (1), .pom (1), .settings (1), .nsi (1), .dll (1), .podspec (1), .changelog (1), .control (1), .copyright (1), .docs (1), .install (1), .rules (1), .clefsign (1), .html (1), .blocks (1), .prv (1), .sig (1), .ac (1), .in (1), .am (1), .dat (1)"
go-ethereum-1.10.12,1732,36184557,1418,28983965,*,2245,817,107,0.061778291,2622469,0.072474813,*,2225,690,102,0.071932299,2611030,0.090085328,*,".go (1121),  (170), .json (162), .h (54), .md (47), .js (36), .c (14), .zip (10), .png (10), .rlp (10), .txt (9), .yml (7), .sh (7), .s (7), .proto (4), .nsh (4), .py (4), .java (4), .pdf (4), .sol (3), .m4 (3), .sage (3), .pub (2), .sec (2), .1 (2), .2 (2), .3 (2), .bin (2), .include (2), .lesser (1), .alltools (1), .mod (1), .sum (1), .920751759z--7ef5a6135f1fd6a02593eedc869c6d41d934aef8 (1), .pom (1), .settings (1), .nsi (1), .dll (1), .podspec (1), .changelog (1), .control (1), .copyright (1), .docs (1), .install (1), .rules (1), .clefsign (1), .html (1), .blocks (1), .prv (1), .sig (1), .ac (1), .in (1), .am (1), .dat (1)"
go-ethereum-1.10.13,1760,36253232,1439,29044077,*,3211,1771,137,0.077840909,1691272,0.04665162,*,3162,1706,129,0.089645587,1682709,0.057936391,*,".go (1127), .json (178),  (170), .h (54), .md (51), .js (35), .c (14), .rlp (13), .zip (10), .png (10), .txt (9), .yml (7), .sh (7), .s (7), .proto (4), .nsh (4), .py (4), .java (4), .pdf (4), .sol (3), .m4 (3), .sage (3), .pub (2), .sec (2), .1 (2), .2 (2), .3 (2), .bin (2), .include (2), .lesser (1), .alltools (1), .mod (1), .sum (1), .920751759z--7ef5a6135f1fd6a02593eedc869c6d41d934aef8 (1), .pom (1), .settings (1), .nsi (1), .dll (1), .podspec (1), .changelog (1), .control (1), .copyright (1), .docs (1), .install (1), .rules (1), .clefsign (1), .html (1), .blocks (1), .prv (1), .sig (1), .ac (1), .in (1), .am (1), .dat (1)"
go-ethereum-1.10.14,1774,36365483,1453,29151650,*,9615,6453,182,0.10259301,4128882,0.113538489,*,9445,6068,175,0.120440468,4058718,0.139227728,*,".go (1141), .json (178),  (170), .h (54), .md (51), .js (35), .c (14), .rlp (13), .zip (10), .png (10), .txt (9), .yml (7), .sh (7), .s (7), .proto (4), .nsh (4), .py (4), .java (4), .pdf (4), .sol (3), .m4 (3), .sage (3), .pub (2), .sec (2), .1 (2), .2 (2), .3 (2), .bin (2), .include (2), .lesser (1), .alltools (1), .mod (1), .sum (1), .920751759z--7ef5a6135f1fd6a02593eedc869c6d41d934aef8 (1), .pom (1), .settings (1), .nsi (1), .dll (1), .podspec (1), .changelog (1), .control (1), .copyright (1), .docs (1), .install (1), .rules (1), .clefsign (1), .html (1), .blocks (1), .prv (1), .sig (1), .ac (1), .in (1), .am (1), .dat (1)"
go-ethereum-1.10.15,1774,36367940,1453,29154107,*,98,28,9,0.005073281,152480,0.004192704,*,98,28,9,0.006194081,152480,0.005230138,*,".go (1141), .json (178),  (170), .h (54), .md (51), .js (35), .c (14), .rlp (13), .zip (10), .png (10), .txt (9), .yml (7), .sh (7), .s (7), .proto (4), .nsh (4), .py (4), .java (4), .pdf (4), .sol (3), .m4 (3), .sage (3), .pub (2), .sec (2), .1 (2), .2 (2), .3 (2), .bin (2), .include (2), .lesser (1), .alltools (1), .mod (1), .sum (1), .920751759z--7ef5a6135f1fd6a02593eedc869c6d41d934aef8 (1), .pom (1), .settings (1), .nsi (1), .dll (1), .podspec (1), .changelog (1), .control (1), .copyright (1), .docs (1), .install (1), .rules (1), .clefsign (1), .html (1), .blocks (1), .prv (1), .sig (1), .ac (1), .in (1), .am (1), .dat (1)"
go-ethereum-1.10.16,1779,36449111,1458,29235498,*,3826,1238,124,0.06970208,2252439,0.061796816,*,3807,1075,116,0.079561043,2148719,0.073496918,*,".go (1147), .json (178),  (170), .h (54), .md (51), .js (34), .c (14), .rlp (13), .zip (10), .png (10), .txt (9), .yml (7), .sh (7), .s (7), .proto (4), .nsh (4), .py (4), .java (4), .pdf (4), .sol (3), .m4 (3), .sage (3), .pub (2), .sec (2), .1 (2), .2 (2), .3 (2), .bin (2), .include (2), .lesser (1), .alltools (1), .mod (1), .sum (1), .920751759z--7ef5a6135f1fd6a02593eedc869c6d41d934aef8 (1), .pom (1), .settings (1), .nsi (1), .dll (1), .podspec (1), .changelog (1), .control (1), .copyright (1), .docs (1), .install (1), .rules (1), .clefsign (1), .html (1), .blocks (1), .prv (1), .sig (1), .ac (1), .in (1), .am (1), .dat (1)"
